codigo_producto,producto,categoria,marca,unidades,ventas_netas,margen,margen_pct
PROD000001,Moda Hombre Pantalones 0001,Moda Hombre,FitCore,150,13580.4,4518.62,0.33273099466878736
PROD000002,Moda Hombre Pantalones 0002,Moda Hombre,MiniRoots,150,5432.32,196.42,0.036157663760603205
PROD000003,Belleza Cosmetica 0003,Belleza,Opal Charm,150,3506.67,703.95,0.2007460068954307
PROD000004,Belleza Cuidado facial 0004,Belleza,Luma Basics,150,2025.75,-212.68,-0.10498827594718006
PROD000005,Deporte Fitness 0005,Deporte,Pixel Mate,150,11351.18,4814.72,0.424160307562738
PROD000006,Outlet Liquidacion 0006,Outlet,Atelier Nova,150,1905.73,-265.8,-0.13947411228243245
PROD000007,Outlet Liquidacion 0007,Outlet,Linen House,150,2397.0,787.85,0.3286816854401335
PROD000008,Moda Mujer Vestidos 0008,Moda Mujer,NordWear,300,12952.619999999999,3738.22,0.28860724702801444
PROD000009,Moda Hombre Camisetas 0009,Moda Hombre,NordWear,150,8998.2,3908.84,0.4344024360427641
PROD000010,Electronica Accesorios movil 0010,Electronica,Daily Motion,300,27576.48,5680.28,0.2059827795280616
PROD000011,Belleza Cosmetica 0011,Belleza,Daily Motion,150,851.73,39.99,0.04695149871438132
PROD000012,Hogar Decoracion 0012,Hogar,Aster Beauty,300,26923.14,8075.27,0.29993789728835496
PROD000013,Hogar Decoracion 0013,Hogar,Blue Harbor,150,13640.04,5443.06,0.39905014941305156
PROD000014,Calzado Sandalias 0014,Calzado,North Peak,450,32784.42,13695.12,0.4177325693118866
PROD000015,Outlet Liquidacion 0015,Outlet,Siena Goods,150,1256.0,462.44,0.36818471337579617
PROD000016,Calzado Sandalias 0016,Calzado,Linen House,450,13296.5,2446.01,0.18395893656225323
PROD000017,Outlet Liquidacion 0017,Outlet,Aster Beauty,150,4977.67,1805.96,0.36281231982031753
PROD000018,Outlet Liquidacion 0018,Outlet,Aster Beauty,150,1293.0,-531.36,-0.4109512761020882
PROD000019,Infantil Ropa infantil 0019,Infantil,Daily Motion,150,5359.71,1728.61,0.3225193154107218
PROD000020,Moda Mujer Vestidos 0020,Moda Mujer,PureSkin Lab,150,15951.75,6571.32,0.41194978607362825
PROD000021,Moda Mujer Vestidos 0021,Moda Mujer,PureSkin Lab,150,8304.86,3640.99,0.4384167824623172
PROD000022,Accesorios Bisuteria 0022,Accesorios,Nomad Steps,150,14741.539999999999,4056.21,0.27515510591159403
PROD000023,Belleza Cuidado facial 0023,Belleza,Opal Charm,150,1223.25,261.65999999999997,0.2139055793991416
PROD000024,Hogar Decoracion 0024,Hogar,North Peak,150,16365.94,6571.83,0.4015553032700841
PROD000025,Outlet Liquidacion 0025,Outlet,Opal Charm,300,9617.8,3698.6,0.3845577990808709
PROD000026,Electronica Accesorios movil 0026,Electronica,Luma Basics,150,3684.26,-706.68,-0.19181056711524158
PROD000027,Accesorios Bisuteria 0027,Accesorios,Linen House,300,2797.32,1018.75,0.36418786552843435
PROD000028,Moda Hombre Pantalones 0028,Moda Hombre,Nomad Steps,150,1485.31,-182.62,-0.1229507644868748
PROD000029,Accesorios Bisuteria 0029,Accesorios,PureSkin Lab,300,30702.14,19272.41,0.6277220415254442
PROD000030,Calzado Zapatillas 0030,Calzado,Aster Beauty,150,8747.0,2224.7799999999997,0.2543477763804733
PROD000031,Accesorios Bolsos 0031,Accesorios,MiniRoots,450,12602.76,2315.48,0.18372800878537718
PROD000032,Accesorios Bolsos 0032,Accesorios,Daily Motion,150,12309.0,2309.88,0.18765781135754328
PROD000033,Calzado Sandalias 0033,Calzado,Urban Lane,450,33714.0,17022.05,0.5048955923355283
PROD000034,Accesorios Bisuteria 0034,Accesorios,Casa Nube,150,9880.42,2453.74,0.2483436938915552
PROD000035,Moda Mujer Tops 0035,Moda Mujer,Nomad Steps,150,4052.88,1414.0,0.3488877045459032
PROD000036,Accesorios Bolsos 0036,Accesorios,Siena Goods,150,3848.7,522.83,0.13584587003403747
PROD000037,Infantil Ropa infantil 0037,Infantil,Linen House,150,6358.04,2449.12,0.3852004705852747
PROD000038,Hogar Textil hogar 0038,Hogar,Blue Harbor,150,9612.220000000001,874.41,0.090968579578911
PROD000039,Moda Hombre Camisetas 0039,Moda Hombre,Casa Nube,150,18384.13,7689.66,0.41827706831925143
PROD000040,Calzado Zapatillas 0040,Calzado,Nomad Steps,150,3894.78,485.58,0.12467456441698888
PROD000041,Hogar Textil hogar 0041,Hogar,North Peak,150,5392.02,2542.2,0.47147451233489485
PROD000042,Hogar Decoracion 0042,Hogar,Atelier Nova,300,8668.14,2941.7599999999998,0.3393761522079708
PROD000043,Electronica Accesorios movil 0043,Electronica,FitCore,150,12465.12,4954.62,0.3974787246332165
PROD000044,Moda Hombre Camisetas 0044,Moda Hombre,Nomad Steps,300,23552.86,7479.27,0.3175525180381491
PROD000045,Moda Hombre Camisetas 0045,Moda Hombre,Casa Nube,150,5157.09,2103.04,0.4077958693759465
PROD000046,Electronica Accesorios movil 0046,Electronica,PureSkin Lab,300,17918.67,6568.12,0.3665517585847611
PROD000047,Outlet Liquidacion 0047,Outlet,Atelier Nova,150,3979.67,1793.6299999999999,0.4506981734666442
PROD000048,Accesorios Bolsos 0048,Accesorios,Daily Motion,450,44531.82,10575.13,0.23747356384715468
PROD000049,Moda Mujer Tops 0049,Moda Mujer,Aster Beauty,150,9765.58,4807.5599999999995,0.4922964125018688
PROD000050,Electronica Accesorios movil 0050,Electronica,Luma Basics,600,13516.52,2994.54,0.22154667029679237
PROD000051,Belleza Cuidado facial 0051,Belleza,Atelier Nova,150,2389.18,785.47,0.3287613323399661
PROD000052,Belleza Cuidado facial 0052,Belleza,Atelier Nova,150,2882.19,538.29,0.18676423136573228
PROD000053,Electronica Accesorios movil 0053,Electronica,NordWear,150,8528.63,3772.0,0.44227501955179205
PROD000054,Calzado Zapatillas 0054,Calzado,Blue Harbor,150,5338.5,398.54,0.07465392900627517
PROD000055,Moda Mujer Vestidos 0055,Moda Mujer,FitCore,150,14215.11,5882.38,0.4138117819700305
PROD000056,Belleza Cosmetica 0056,Belleza,Nomad Steps,150,3991.65,337.39,0.08452394373254167
PROD000057,Moda Hombre Pantalones 0057,Moda Hombre,North Peak,300,13524.300000000001,7661.28,0.5664825536256959
PROD000058,Belleza Cuidado facial 0058,Belleza,Siena Goods,150,5255.75,1536.84,0.29241116871997336
PROD000059,Outlet Liquidacion 0059,Outlet,Soft Bay,300,5826.5,1485.31,0.25492319574358535
PROD000060,Moda Hombre Camisetas 0060,Moda Hombre,Siena Goods,150,5184.93,1706.17,0.3290632660421645
PROD000061,Moda Mujer Vestidos 0061,Moda Mujer,Casa Nube,300,27542.27,11885.98,0.4315541166359926
PROD000062,Calzado Zapatillas 0062,Calzado,Casa Nube,150,8166.13,1829.63,0.22405104988531901
PROD000063,Electronica Accesorios movil 0063,Electronica,Soft Bay,300,28282.02,6495.29,0.2296614598250054
PROD000064,Accesorios Bolsos 0064,Accesorios,Marea Studio,150,16262.17,4950.79,0.30443600085351463
PROD000065,Outlet Liquidacion 0065,Outlet,Opal Charm,450,12973.5,4411.26,0.3400208116545266
PROD000066,Outlet Liquidacion 0066,Outlet,Soft Bay,150,3587.65,-701.83,-0.19562387635360196
PROD000067,Accesorios Bisuteria 0067,Accesorios,Daily Motion,600,29507.64,7171.77,0.24304790217042097
PROD000068,Belleza Cuidado facial 0068,Belleza,FitCore,150,4235.15,555.48,0.13115946306506265
PROD000069,Outlet Liquidacion 0069,Outlet,North Peak,150,2222.26,772.46,0.3476010907814567
PROD000070,Belleza Cuidado facial 0070,Belleza,Soft Bay,150,1991.69,-591.51,-0.2969889892503351
PROD000071,Accesorios Bisuteria 0071,Accesorios,Blue Harbor,150,5210.32,854.59,0.1640187167007017
PROD000072,Deporte Fitness 0072,Deporte,Daily Motion,150,8648.88,781.36,0.0903423333425831
PROD000073,Belleza Cuidado facial 0073,Belleza,MiniRoots,150,2863.14,583.36,0.20374833225060598
PROD000074,Accesorios Bisuteria 0074,Accesorios,MiniRoots,300,27511.48,6819.86,0.24789142568847622
PROD000075,Accesorios Bisuteria 0075,Accesorios,NordWear,150,3992.03,1642.39,0.4114172488683702
PROD000076,Hogar Textil hogar 0076,Hogar,North Peak,300,16442.65,4696.08,0.2856035979601828
PROD000077,Moda Mujer Tops 0077,Moda Mujer,Soft Bay,150,4889.09,1539.98,0.31498295183766306
PROD000078,Hogar Decoracion 0078,Hogar,Daily Motion,300,10673.52,2090.27,0.19583698723570106
PROD000079,Moda Mujer Tops 0079,Moda Mujer,Daily Motion,150,13386.33,3379.92,0.2524904137280345
PROD000080,Outlet Liquidacion 0080,Outlet,North Peak,300,4115.44,1197.25,0.2909166456077601
PROD000081,Belleza Cuidado facial 0081,Belleza,MiniRoots,150,1692.03,8.879999999999999,0.005248133898335136
PROD000082,Hogar Textil hogar 0082,Hogar,Nomad Steps,450,19783.08,5696.16,0.28793089852540654
PROD000083,Moda Hombre Pantalones 0083,Moda Hombre,Siena Goods,150,20393.2,10525.52,0.5161289057136693
PROD000084,Deporte Fitness 0084,Deporte,Linen House,600,67503.0,20208.93,0.299378249855562
PROD000085,Belleza Cosmetica 0085,Belleza,MiniRoots,150,5952.92,1585.31,0.26630796315085703
PROD000086,Hogar Decoracion 0086,Hogar,Luma Basics,150,4438.28,-683.19,-0.153931252647422
PROD000087,Belleza Cosmetica 0087,Belleza,Marea Studio,150,2574.52,789.46,0.3066435685098582
PROD000088,Moda Mujer Vestidos 0088,Moda Mujer,Blue Harbor,150,8147.48,1326.73,0.1628393073686588
PROD000089,Belleza Cuidado facial 0089,Belleza,Velvet Point,150,10542.93,6245.68,0.5924045782339444
PROD000090,Infantil Ropa infantil 0090,Infantil,Blue Harbor,150,4155.12,96.0,0.023104025876508984
PROD000091,Moda Mujer Vestidos 0091,Moda Mujer,PureSkin Lab,300,13048.88,5270.06,0.403870677023622
PROD000092,Outlet Liquidacion 0092,Outlet,NordWear,150,3567.64,676.92,0.1897388749985985
PROD000093,Calzado Sandalias 0093,Calzado,Casa Nube,300,5590.88,2052.97,0.36719979681195086
PROD000094,Calzado Zapatillas 0094,Calzado,Pixel Mate,150,9844.22,2319.0299999999997,0.23557275233588845
PROD000095,Calzado Sandalias 0095,Calzado,Urban Lane,300,25351.14,10602.960000000001,0.4182439132914733
PROD000096,Calzado Zapatillas 0096,Calzado,Nomad Steps,150,2670.71,-0.9299999999999997,-0.000348222008379794
PROD000097,Accesorios Bisuteria 0097,Accesorios,FitCore,450,39235.08,19976.65,0.5091527785848786
PROD000098,Accesorios Bolsos 0098,Accesorios,Atelier Nova,150,11988.9,4793.2300000000005,0.39980565356287906
PROD000099,Deporte Fitness 0099,Deporte,NordWear,450,45265.26,17918.5,0.39585545294559227
PROD000100,Electronica Accesorios movil 0100,Electronica,North Peak,150,15182.03,5122.37,0.33739690937246203
PROD000101,Electronica Accesorios movil 0101,Electronica,Linen House,150,4527.13,1257.51,0.2777720100814423
PROD000102,Electronica Accesorios movil 0102,Electronica,Daily Motion,150,6992.07,861.84,0.1232596355585685
PROD000103,Hogar Decoracion 0103,Hogar,FitCore,150,12328.41,4790.4800000000005,0.3885724112030668
PROD000104,Hogar Decoracion 0104,Hogar,Soft Bay,150,6484.7,410.43,0.06329205668727929
PROD000105,Moda Hombre Pantalones 0105,Moda Hombre,Blue Harbor,150,2868.54,584.28,0.2036854985462988
PROD000106,Hogar Decoracion 0106,Hogar,Soft Bay,150,3506.78,-425.81,-0.12142478284922349
PROD000107,Moda Mujer Tops 0107,Moda Mujer,Soft Bay,150,7722.25,1802.02,0.2333542685098255
PROD000108,Deporte Fitness 0108,Deporte,Marea Studio,300,31465.48,9106.26,0.2894047699256455
PROD000109,Outlet Liquidacion 0109,Outlet,Linen House,150,3125.12,1062.5,0.33998694450133116
PROD000110,Outlet Liquidacion 0110,Outlet,Pixel Mate,300,7993.2,2092.99,0.26184631937146574
PROD000111,Electronica Accesorios movil 0111,Electronica,Urban Lane,150,3367.07,762.48,0.2264520785133662
PROD000112,Belleza Cosmetica 0112,Belleza,Velvet Point,300,17079.0,6090.46,0.356605187657357
PROD000113,Outlet Liquidacion 0113,Outlet,Pixel Mate,150,2176.21,566.48,0.2603057609329982
PROD000114,Moda Mujer Vestidos 0114,Moda Mujer,Nomad Steps,450,11110.380000000001,2990.56,0.26916811126172097
PROD000115,Hogar Textil hogar 0115,Hogar,Soft Bay,150,9061.19,2312.79,0.2552413093644433
PROD000116,Calzado Zapatillas 0116,Calzado,Casa Nube,450,36268.5,5933.24,0.1635920978259371
PROD000117,Belleza Cuidado facial 0117,Belleza,Blue Harbor,150,5757.45,1865.02,0.3239316016639311
PROD000118,Hogar Decoracion 0118,Hogar,PureSkin Lab,150,18582.06,7054.5,0.3796403628015408
PROD000119,Outlet Liquidacion 0119,Outlet,Urban Lane,150,4828.61,1688.68,0.34972383356701
PROD000120,Infantil Ropa infantil 0120,Infantil,Luma Basics,150,1713.34,-240.66,-0.1404624884728075
PROD000121,Outlet Liquidacion 0121,Outlet,Pixel Mate,150,5126.11,1634.55,0.31886752332665513
PROD000122,Moda Hombre Pantalones 0122,Moda Hombre,Blue Harbor,150,2121.29,-453.12,-0.21360587189870314
PROD000123,Calzado Sandalias 0123,Calzado,Urban Lane,150,3891.0,1461.93,0.37572089437162687
PROD000124,Moda Hombre Pantalones 0124,Moda Hombre,Urban Lane,150,9892.08,2777.15,0.2807447978584888
PROD000125,Hogar Textil hogar 0125,Hogar,Siena Goods,300,35215.14,19543.95,0.5549871447337708
PROD000126,Accesorios Bolsos 0126,Accesorios,Aster Beauty,150,6468.27,648.98,0.10033285561672595
PROD000127,Hogar Textil hogar 0127,Hogar,MiniRoots,300,3023.6,767.65,0.25388609604445034
PROD000128,Outlet Liquidacion 0128,Outlet,Daily Motion,150,2866.84,-111.37,-0.03884765107226075
PROD000129,Deporte Fitness 0129,Deporte,PureSkin Lab,300,41956.200000000004,24205.75,0.5769290355179925
PROD000130,Hogar Textil hogar 0130,Hogar,Pixel Mate,150,14302.77,4618.22,0.3228899017463051
PROD000131,Outlet Liquidacion 0131,Outlet,PureSkin Lab,450,2708.32,992.75,0.3665556507355113
PROD000132,Moda Mujer Tops 0132,Moda Mujer,Urban Lane,150,2845.29,380.21,0.1336278551571193
PROD000133,Accesorios Bolsos 0133,Accesorios,Marea Studio,450,10823.94,5438.58,0.5024584393483333
PROD000134,Outlet Liquidacion 0134,Outlet,Pixel Mate,150,3920.29,513.31,0.13093674192470453
PROD000135,Moda Hombre Camisetas 0135,Moda Hombre,Casa Nube,150,8418.75,2974.56,0.3533256124721604
PROD000136,Moda Hombre Camisetas 0136,Moda Hombre,Soft Bay,150,10836.08,757.94,0.06994595831702978
PROD000137,Moda Mujer Vestidos 0137,Moda Mujer,Atelier Nova,150,15980.8,9582.88,0.5996495794953944
PROD000138,Calzado Sandalias 0138,Calzado,Blue Harbor,150,11190.01,2202.15,0.19679607078099126
PROD000139,Hogar Decoracion 0139,Hogar,Velvet Point,150,15606.36,7822.08,0.5012110447279186
PROD000140,Moda Hombre Pantalones 0140,Moda Hombre,Soft Bay,150,12804.869999999999,1776.55,0.13874018244620992
PROD000141,Belleza Cuidado facial 0141,Belleza,Siena Goods,150,6071.14,2927.74,0.4822389205322229
PROD000142,Accesorios Bisuteria 0142,Accesorios,Velvet Point,300,10999.4,3760.25,0.3418595559757805
PROD000143,Calzado Sandalias 0143,Calzado,Siena Goods,150,5507.69,2443.82,0.4437105211077603
PROD000144,Accesorios Bisuteria 0144,Accesorios,FitCore,300,24428.14,6524.51,0.26708992170505
PROD000145,Moda Hombre Camisetas 0145,Moda Hombre,Velvet Point,150,17193.44,10312.44,0.5997892219358082
PROD000146,Accesorios Bolsos 0146,Accesorios,FitCore,300,24326.36,6587.51,0.2707971928393726
PROD000147,Calzado Sandalias 0147,Calzado,Linen House,150,13070.94,5376.42,0.41132619383150715
PROD000148,Moda Hombre Camisetas 0148,Moda Hombre,Marea Studio,450,22163.19,5972.08,0.2694594054375747
PROD000149,Calzado Zapatillas 0149,Calzado,Aster Beauty,150,13397.710000000001,5926.8099999999995,0.44237485361304274
PROD000150,Belleza Cosmetica 0150,Belleza,MiniRoots,600,7180.32,1111.64,0.15481761258551152
PROD000151,Moda Mujer Vestidos 0151,Moda Mujer,Atelier Nova,150,17195.81,7297.76,0.4243917558986753
PROD000152,Calzado Sandalias 0152,Calzado,Siena Goods,150,14336.72,5083.87,0.3546048189544052
PROD000153,Calzado Zapatillas 0153,Calzado,Atelier Nova,150,19377.26,10939.09,0.5645323435821165
PROD000154,Moda Hombre Camisetas 0154,Moda Hombre,Linen House,150,9023.08,1756.01,0.19461314761699997
PROD000155,Outlet Liquidacion 0155,Outlet,Opal Charm,150,3256.2,657.49,0.20191941526933235
PROD000156,Calzado Sandalias 0156,Calzado,NordWear,150,9915.75,2084.69,0.21024027431107079
PROD000157,Moda Mujer Tops 0157,Moda Mujer,PureSkin Lab,300,26663.64,16526.329999999998,0.6198077231765805
PROD000158,Moda Hombre Camisetas 0158,Moda Hombre,Opal Charm,150,13621.81,2429.78,0.17837423954672693
PROD000159,Accesorios Bolsos 0159,Accesorios,MiniRoots,300,9651.0,2844.0,0.29468448865402547
PROD000160,Moda Hombre Camisetas 0160,Moda Hombre,North Peak,150,11824.43,4586.1,0.3878495623044832
PROD000161,Moda Hombre Camisetas 0161,Moda Hombre,MiniRoots,300,16291.74,3536.09,0.2170480255638747
PROD000162,Belleza Cosmetica 0162,Belleza,Nomad Steps,150,5073.49,580.8100000000001,0.11447938204273589
PROD000163,Accesorios Bolsos 0163,Accesorios,MiniRoots,300,5905.04,1779.35,0.30132734071234063
PROD000164,Infantil Ropa infantil 0164,Infantil,FitCore,150,6556.12,1659.34,0.25309786886146074
PROD000165,Calzado Zapatillas 0165,Calzado,Velvet Point,450,56632.68,36409.73,0.6429102419309841
PROD000166,Moda Hombre Camisetas 0166,Moda Hombre,NordWear,150,2842.0,-352.48,-0.1240253342716397
PROD000167,Moda Hombre Camisetas 0167,Moda Hombre,Linen House,600,70544.12,30029.73,0.4256872153200012
PROD000168,Moda Mujer Tops 0168,Moda Mujer,North Peak,150,17798.81,6587.73,0.37012193511813424
PROD000169,Hogar Decoracion 0169,Hogar,FitCore,150,2751.37,784.98,0.2853051388944417
PROD000170,Calzado Zapatillas 0170,Calzado,Atelier Nova,150,5734.5,1735.85,0.30270293835556716
PROD000171,Moda Hombre Pantalones 0171,Moda Hombre,North Peak,150,13593.6,5509.38,0.4052921963276836
PROD000172,Moda Mujer Vestidos 0172,Moda Mujer,FitCore,150,9657.22,2743.02,0.2840382635996695
PROD000173,Outlet Liquidacion 0173,Outlet,Blue Harbor,150,4430.11,1301.23,0.29372408360063296
PROD000174,Electronica Accesorios movil 0174,Electronica,Velvet Point,300,25995.34,11155.3,0.4291269127466692
PROD000175,Hogar Textil hogar 0175,Hogar,Daily Motion,150,2767.67,710.62,0.2567574891515246
PROD000176,Moda Mujer Vestidos 0176,Moda Mujer,North Peak,300,34402.4,11933.27,0.34687318326628375
PROD000177,Calzado Zapatillas 0177,Calzado,Nomad Steps,150,13078.36,6709.42,0.5130169226110919
PROD000178,Deporte Fitness 0178,Deporte,Aster Beauty,300,28859.56,9898.8,0.34299899236162984
PROD000179,Calzado Zapatillas 0179,Calzado,Luma Basics,150,11406.65,3863.87,0.33873836753122083
PROD000180,Moda Mujer Tops 0180,Moda Mujer,Luma Basics,300,24513.5,4552.2,0.18570175617516876
PROD000181,Hogar Decoracion 0181,Hogar,Urban Lane,150,4269.96,1162.57,0.27226718751463713
PROD000182,Infantil Ropa infantil 0182,Infantil,PureSkin Lab,450,32562.9,15004.06,0.4607716143218202
PROD000183,Moda Hombre Camisetas 0183,Moda Hombre,Atelier Nova,150,16676.83,8252.73,0.4948620331321959
PROD000184,Electronica Accesorios movil 0184,Electronica,NordWear,600,29028.2,7559.21,0.2604091883065433
PROD000185,Moda Mujer Vestidos 0185,Moda Mujer,Daily Motion,150,15305.460000000001,6358.68,0.4154517407513397
PROD000186,Belleza Cosmetica 0186,Belleza,NordWear,150,1134.25,-788.46,-0.6951377562265815
PROD000187,Belleza Cosmetica 0187,Belleza,NordWear,150,6020.08,2588.71,0.43001255797265153
PROD000188,Moda Hombre Camisetas 0188,Moda Hombre,Urban Lane,150,13192.4,2942.56,0.223049634638125
PROD000189,Moda Hombre Pantalones 0189,Moda Hombre,Daily Motion,150,5064.76,1618.8899999999999,0.3196380480022745
PROD000190,Accesorios Bisuteria 0190,Accesorios,MiniRoots,150,12664.39,1477.14,0.11663727980581774
PROD000191,Accesorios Bisuteria 0191,Accesorios,Velvet Point,300,29692.16,12569.14,0.42331511079018835
PROD000192,Moda Mujer Vestidos 0192,Moda Mujer,FitCore,150,15732.14,3748.79,0.2382886244338024
PROD000193,Accesorios Bolsos 0193,Accesorios,Aster Beauty,300,24922.02,11050.5,0.44340306283359054
PROD000194,Accesorios Bolsos 0194,Accesorios,Opal Charm,150,6485.1900000000005,437.94,0.06752924740832573
PROD000195,Hogar Decoracion 0195,Hogar,Daily Motion,300,15174.0,3735.2200000000003,0.24615921971793858
PROD000196,Electronica Accesorios movil 0196,Electronica,NordWear,150,15991.39,1951.14,0.12201190765780837
PROD000197,Hogar Decoracion 0197,Hogar,Pixel Mate,450,18591.63,9945.72,0.5349568596190866
PROD000198,Hogar Textil hogar 0198,Hogar,MiniRoots,150,11672.84,1769.91,0.15162633943410517
PROD000199,Calzado Zapatillas 0199,Calzado,Linen House,450,23153.79,9417.95,0.4067563021000018
PROD000200,Calzado Sandalias 0200,Calzado,Urban Lane,150,4371.26,706.62,0.1616513316526585
PROD000201,Calzado Sandalias 0201,Calzado,Marea Studio,150,10221.93,4163.16,0.40727729499223725
PROD000202,Belleza Cuidado facial 0202,Belleza,Linen House,150,3677.73,396.22,0.10773493432089903
PROD000203,Outlet Liquidacion 0203,Outlet,FitCore,150,903.18,227.69,0.25209814212006465
PROD000204,Hogar Decoracion 0204,Hogar,Linen House,150,5978.72,1088.69,0.18209416062300962
PROD000205,Belleza Cuidado facial 0205,Belleza,Luma Basics,150,1532.73,106.56,0.069523007966178
PROD000206,Accesorios Bolsos 0206,Accesorios,MiniRoots,150,11053.16,353.89,0.03201708832587242
PROD000207,Moda Hombre Pantalones 0207,Moda Hombre,Urban Lane,150,12400.35,4927.32,0.39735330051167905
PROD000208,Deporte Fitness 0208,Deporte,Pixel Mate,300,7816.68,1802.78,0.23063244241800865
PROD000209,Infantil Ropa infantil 0209,Infantil,Luma Basics,150,5115.47,1558.06,0.30457807395996844
PROD000210,Outlet Liquidacion 0210,Outlet,Urban Lane,300,6405.86,1019.8199999999999,0.15920110648687297
PROD000211,Belleza Cuidado facial 0211,Belleza,Aster Beauty,150,3149.64,905.68,0.2875503232115416
PROD000212,Accesorios Bisuteria 0212,Accesorios,Atelier Nova,300,36228.52,15396.32,0.424977890347163
PROD000213,Accesorios Bisuteria 0213,Accesorios,Siena Goods,150,23418.3,14164.7,0.6048560313942516
PROD000214,Belleza Cuidado facial 0214,Belleza,Velvet Point,450,16243.74,5963.01,0.3670958781659889
PROD000215,Moda Mujer Vestidos 0215,Moda Mujer,North Peak,150,5403.18,2456.66,0.45466928734560014
PROD000216,Belleza Cuidado facial 0216,Belleza,Blue Harbor,450,11196.61,267.5,0.023891159913580984
PROD000217,Belleza Cosmetica 0217,Belleza,Blue Harbor,150,1969.5,255.93,0.12994668697638995
PROD000218,Moda Mujer Tops 0218,Moda Mujer,Blue Harbor,150,11698.44,2017.59,0.17246658528829484
PROD000219,Accesorios Bisuteria 0219,Accesorios,Velvet Point,150,20835.15,10192.96,0.4892194200665701
PROD000220,Outlet Liquidacion 0220,Outlet,Soft Bay,150,2317.04,-79.75,-0.03441891378655526
PROD000221,Deporte Fitness 0221,Deporte,Opal Charm,150,1452.33,-236.86,-0.16308965593219174
PROD000222,Calzado Zapatillas 0222,Calzado,MiniRoots,150,5646.76,161.01,0.028513696349765173
PROD000223,Accesorios Bisuteria 0223,Accesorios,Daily Motion,150,4874.55,1125.93,0.23098132135274027
PROD000224,Moda Mujer Vestidos 0224,Moda Mujer,Marea Studio,150,16137.88,4345.6,0.26927948404623164
PROD000225,Accesorios Bolsos 0225,Accesorios,Opal Charm,300,30450.079999999998,13305.47,0.4369600999406241
PROD000226,Electronica Accesorios movil 0226,Electronica,Daily Motion,150,2580.25,-727.0,-0.2817556438329619
PROD000227,Belleza Cosmetica 0227,Belleza,MiniRoots,300,9283.24,2304.2799999999997,0.24821937168488586
PROD000228,Moda Hombre Camisetas 0228,Moda Hombre,PureSkin Lab,150,13971.0,4918.96,0.35208360174647485
PROD000229,Calzado Zapatillas 0229,Calzado,PureSkin Lab,300,27320.1,15293.61,0.5597933389702088
PROD000230,Accesorios Bolsos 0230,Accesorios,Nomad Steps,150,6329.07,1218.31,0.1924943159105524
PROD000231,Deporte Fitness 0231,Deporte,Soft Bay,450,25374.01,2470.55,0.09736537504320367
PROD000232,Hogar Decoracion 0232,Hogar,Marea Studio,150,1905.8600000000001,79.67999999999999,0.041807897746948874
PROD000233,Calzado Zapatillas 0233,Calzado,Marea Studio,450,15714.75,7455.75,0.47444280055362
PROD000234,Calzado Sandalias 0234,Calzado,FitCore,150,3022.78,71.78999999999999,0.02374966090817062
PROD000235,Accesorios Bolsos 0235,Accesorios,NordWear,150,3683.73,1393.67,0.37833120234110534
PROD000236,Infantil Ropa infantil 0236,Infantil,PureSkin Lab,150,6981.59,2075.41,0.2972689602225281
PROD000237,Moda Hombre Camisetas 0237,Moda Hombre,Aster Beauty,150,6963.31,2658.24,0.3817494840815646
PROD000238,Outlet Liquidacion 0238,Outlet,Marea Studio,150,5967.79,1168.24,0.19575755849317755
PROD000239,Moda Hombre Pantalones 0239,Moda Hombre,North Peak,150,2173.5,904.73,0.4162548884288015
PROD000240,Belleza Cosmetica 0240,Belleza,Blue Harbor,150,1549.76,-214.11,-0.1381568759033657
PROD000241,Hogar Textil hogar 0241,Hogar,Nomad Steps,150,10040.97,3511.96,0.349763020903359
PROD000242,Moda Mujer Vestidos 0242,Moda Mujer,Linen House,300,11181.78,3339.79,0.29868142639186246
PROD000243,Moda Mujer Tops 0243,Moda Mujer,Casa Nube,150,10792.56,3827.43,0.3546359714469968
PROD000244,Moda Hombre Camisetas 0244,Moda Hombre,Siena Goods,300,17194.3,6220.45,0.36177395997510803
PROD000245,Deporte Fitness 0245,Deporte,Marea Studio,150,13227.7,5740.8099999999995,0.43399910793259594
PROD000246,Moda Mujer Tops 0246,Moda Mujer,Siena Goods,300,37543.74,13946.03,0.37146086138461437
PROD000247,Deporte Fitness 0247,Deporte,Marea Studio,150,4980.5,1831.76,0.3677863668306395
PROD000248,Belleza Cosmetica 0248,Belleza,MiniRoots,450,17346.12,3948.21,0.22761343747189575
PROD000249,Deporte Fitness 0249,Deporte,Blue Harbor,150,11901.09,3555.07,0.2987180165850355
PROD000250,Moda Mujer Vestidos 0250,Moda Mujer,Opal Charm,600,24538.88,5033.93,0.2051409844296072
PROD000251,Moda Mujer Vestidos 0251,Moda Mujer,North Peak,150,16766.61,7202.07,0.4295483702430008
PROD000252,Outlet Liquidacion 0252,Outlet,North Peak,150,4120.8,1069.68,0.25958066394874785
PROD000253,Moda Mujer Tops 0253,Moda Mujer,Blue Harbor,150,6034.5,2179.15,0.3611152539564173
PROD000254,Hogar Textil hogar 0254,Hogar,Opal Charm,150,10588.59,1278.32,0.12072617789526273
PROD000255,Moda Hombre Pantalones 0255,Moda Hombre,Urban Lane,150,5512.81,2341.76,0.4247851821484869
PROD000256,Hogar Textil hogar 0256,Hogar,NordWear,150,6584.53,808.84,0.1228394433619408
PROD000257,Calzado Zapatillas 0257,Calzado,Linen House,300,29147.28,14394.9,0.4938676953732904
PROD000258,Belleza Cosmetica 0258,Belleza,Linen House,150,2992.2,178.12,0.05952810640999934
PROD000259,Infantil Ropa infantil 0259,Infantil,Marea Studio,300,16130.32,7042.52,0.43660138174568147
PROD000260,Moda Hombre Camisetas 0260,Moda Hombre,Opal Charm,150,1982.16,-172.09,-0.0868194293094402
PROD000261,Belleza Cuidado facial 0261,Belleza,PureSkin Lab,300,10976.21,5217.16,0.47531524998155106
PROD000262,Accesorios Bolsos 0262,Accesorios,Aster Beauty,150,10097.42,2914.33,0.2886212517653024
PROD000263,Outlet Liquidacion 0263,Outlet,Linen House,300,3930.76,1593.12,0.40529566801331035
PROD000264,Accesorios Bolsos 0264,Accesorios,Velvet Point,150,8542.5,3233.54,0.3785238513315774
PROD000265,Infantil Ropa infantil 0265,Infantil,North Peak,450,18766.98,10645.31,0.5672361775842464
PROD000266,Outlet Liquidacion 0266,Outlet,North Peak,150,4983.45,1038.06,0.20830147789182193
PROD000267,Accesorios Bolsos 0267,Accesorios,Linen House,600,25788.84,10505.15,0.4073525602547458
PROD000268,Moda Hombre Camisetas 0268,Moda Hombre,MiniRoots,150,9680.77,1091.97,0.11279784562591612
PROD000269,Calzado Zapatillas 0269,Calzado,Velvet Point,150,20892.86,11708.14,0.5603895302031411
PROD000270,Outlet Liquidacion 0270,Outlet,NordWear,150,4236.04,652.48,0.15403065126863769
PROD000271,Calzado Zapatillas 0271,Calzado,North Peak,150,9762.76,3888.7,0.3983197374512945
PROD000272,Moda Hombre Camisetas 0272,Moda Hombre,Nomad Steps,150,7312.47,1368.1200000000001,0.1870941008988755
PROD000273,Moda Hombre Camisetas 0273,Moda Hombre,PureSkin Lab,150,10604.24,5866.66,0.5532371956877626
PROD000274,Calzado Zapatillas 0274,Calzado,Urban Lane,300,9583.28,1959.72,0.2044936597908023
PROD000275,Outlet Liquidacion 0275,Outlet,Soft Bay,150,4165.5,1241.54,0.2980530548553595
PROD000276,Moda Mujer Tops 0276,Moda Mujer,Soft Bay,300,4010.33,-364.87,-0.09098253759665664
PROD000277,Deporte Fitness 0277,Deporte,Casa Nube,150,14343.960000000001,6207.24,0.4327424225945973
PROD000278,Accesorios Bolsos 0278,Accesorios,Atelier Nova,300,3809.46,672.86,0.1766287085308679
PROD000279,Calzado Sandalias 0279,Calzado,PureSkin Lab,150,17394.2,8798.4,0.5058237803405733
PROD000280,Moda Mujer Tops 0280,Moda Mujer,Blue Harbor,300,14072.42,2122.24,0.15080846080489352
PROD000281,Accesorios Bolsos 0281,Accesorios,Soft Bay,150,7581.16,1795.35,0.23681732083216817
PROD000282,Belleza Cuidado facial 0282,Belleza,Pixel Mate,450,18991.829999999998,6394.59,0.33670215034570133
PROD000283,Belleza Cosmetica 0283,Belleza,MiniRoots,150,5770.15,1381.7,0.23945651326222026
PROD000284,Hogar Decoracion 0284,Hogar,Opal Charm,600,32362.56,6074.85,0.18771228234107562
PROD000285,Belleza Cuidado facial 0285,Belleza,Soft Bay,150,3273.43,577.47,0.17641128724304478
PROD000286,Moda Mujer Tops 0286,Moda Mujer,Blue Harbor,150,1730.66,-728.43,-0.42089722995851286
PROD000287,Moda Hombre Camisetas 0287,Moda Hombre,Aster Beauty,150,7071.33,2382.9,0.336980454879068
PROD000288,Calzado Zapatillas 0288,Calzado,Soft Bay,150,4635.7,519.73,0.11211467523782817
PROD000289,Accesorios Bolsos 0289,Accesorios,MiniRoots,150,4301.14,1274.38,0.2962888908521927
PROD000290,Hogar Decoracion 0290,Hogar,Nomad Steps,150,3582.31,336.04,0.09380539372639443
PROD000291,Accesorios Bisuteria 0291,Accesorios,Urban Lane,300,5036.35,1251.99,0.24859074528180128
PROD000292,Moda Mujer Vestidos 0292,Moda Mujer,Nomad Steps,150,14905.53,3555.02,0.23850342792238852
PROD000293,Belleza Cuidado facial 0293,Belleza,Velvet Point,300,4162.38,2148.33,0.516130194744353
PROD000294,Belleza Cuidado facial 0294,Belleza,Linen House,150,6257.62,1431.58,0.22877387888686113
PROD000295,Electronica Accesorios movil 0295,Electronica,Blue Harbor,300,7966.24,2543.27,0.31925601036373497
PROD000296,Moda Hombre Pantalones 0296,Moda Hombre,Soft Bay,150,9464.04,-142.97,-0.015106656353946094
PROD000297,Moda Mujer Tops 0297,Moda Mujer,Casa Nube,450,23553.21,10804.65,0.4587336503177274
PROD000298,Calzado Zapatillas 0298,Calzado,Aster Beauty,150,10626.61,2582.25,0.2429984727020188
PROD000299,Accesorios Bisuteria 0299,Accesorios,PureSkin Lab,450,68130.45,36100.29,0.5298701241515358
PROD000300,Hogar Textil hogar 0300,Hogar,Soft Bay,150,8557.29,864.72,0.10105068310177637
PROD000301,Moda Mujer Vestidos 0301,Moda Mujer,NordWear,150,1995.06,200.13,0.10031277254819404
PROD000302,Moda Mujer Tops 0302,Moda Mujer,PureSkin Lab,150,15400.73,6488.9800000000005,0.4213423649398438
PROD000303,Infantil Ropa infantil 0303,Infantil,MiniRoots,150,7138.65,1870.41,0.26201172490596963
PROD000304,Deporte Fitness 0304,Deporte,Siena Goods,150,8272.74,2879.32,0.3480491348694629
PROD000305,Moda Mujer Tops 0305,Moda Mujer,Linen House,150,15091.53,6675.53,0.442336197854028
PROD000306,Moda Hombre Pantalones 0306,Moda Hombre,Nomad Steps,150,5593.67,538.1899999999999,0.09621411345324267
PROD000307,Hogar Decoracion 0307,Hogar,MiniRoots,150,7976.57,2079.94,0.26075618969055625
PROD000308,Belleza Cuidado facial 0308,Belleza,Opal Charm,300,5614.139999999999,450.68,0.08027587484458885
PROD000309,Moda Hombre Camisetas 0309,Moda Hombre,Aster Beauty,150,13914.869999999999,6840.900000000001,0.49162514633625765
PROD000310,Hogar Textil hogar 0310,Hogar,Aster Beauty,300,14954.94,4543.66,0.3038233520161231
PROD000311,Moda Hombre Pantalones 0311,Moda Hombre,Pixel Mate,150,14441.22,4483.79,0.31048554069531525
PROD000312,Calzado Zapatillas 0312,Calzado,NordWear,300,16536.78,5142.57,0.31097771150127174
PROD000313,Infantil Ropa infantil 0313,Infantil,Atelier Nova,150,3069.35,1182.9,0.3853910437063222
PROD000314,Moda Mujer Tops 0314,Moda Mujer,Opal Charm,450,3941.2200000000003,145.67,0.03696063655416343
PROD000315,Electronica Accesorios movil 0315,Electronica,Aster Beauty,150,23927.52,9630.72,0.40249553652029124
PROD000316,Belleza Cosmetica 0316,Belleza,Pixel Mate,450,6420.42,413.45,0.064396098697593
PROD000317,Calzado Zapatillas 0317,Calzado,Nomad Steps,150,3317.49,1197.09,0.36084208241773147
PROD000318,Electronica Accesorios movil 0318,Electronica,Casa Nube,150,12775.26,3701.39,0.28973108962165933
PROD000319,Outlet Liquidacion 0319,Outlet,Casa Nube,150,1332.26,408.92,0.3069370843529041
PROD000320,Calzado Sandalias 0320,Calzado,Siena Goods,150,2615.4,462.08,0.17667660778466007
PROD000321,Belleza Cosmetica 0321,Belleza,Urban Lane,150,877.57,-258.4,-0.2944494456282689
PROD000322,Hogar Textil hogar 0322,Hogar,Casa Nube,150,15222.0,4733.31,0.31095191170674025
PROD000323,Accesorios Bolsos 0323,Accesorios,Velvet Point,150,8354.0,3978.17,0.47619942542494614
PROD000324,Moda Mujer Vestidos 0324,Moda Mujer,Daily Motion,150,9531.06,1911.02,0.20050445595767943
PROD000325,Accesorios Bisuteria 0325,Accesorios,North Peak,300,46781.64,29435.87,0.6292184284261946
PROD000326,Moda Mujer Vestidos 0326,Moda Mujer,Atelier Nova,150,5242.19,1098.27,0.2095059507572217
PROD000327,Outlet Liquidacion 0327,Outlet,Velvet Point,300,4360.74,2244.37,0.5146764081325647
PROD000328,Moda Hombre Camisetas 0328,Moda Hombre,Urban Lane,150,12170.62,3268.44,0.2685516432194909
PROD000329,Hogar Textil hogar 0329,Hogar,Atelier Nova,300,28060.04,16309.39,0.5812318870536178
PROD000330,Belleza Cuidado facial 0330,Belleza,Marea Studio,150,2495.0,-130.42,-0.05227254509018035
PROD000331,Hogar Textil hogar 0331,Hogar,Siena Goods,450,19291.329999999998,8606.32,0.4461237250101471
PROD000332,Infantil Ropa infantil 0332,Infantil,Velvet Point,150,5991.8,1725.86,0.2880369838779665
PROD000333,Moda Hombre Pantalones 0333,Moda Hombre,Linen House,450,41755.5,21462.12,0.5139950425692423
PROD000334,Infantil Ropa infantil 0334,Infantil,Nomad Steps,150,4923.85,794.92,0.16144277343948332
PROD000335,Moda Hombre Pantalones 0335,Moda Hombre,Soft Bay,150,6468.67,2044.42,0.3160495124963864
PROD000336,Moda Hombre Pantalones 0336,Moda Hombre,Velvet Point,150,8734.39,2716.41,0.31100168414737606
PROD000337,Belleza Cuidado facial 0337,Belleza,Aster Beauty,150,6630.79,3081.36,0.4647048089292528
PROD000338,Moda Mujer Vestidos 0338,Moda Mujer,Opal Charm,150,2872.74,-377.92,-0.13155384754624505
PROD000339,Belleza Cosmetica 0339,Belleza,MiniRoots,150,1812.78,423.75,0.23375699202330122
PROD000340,Moda Mujer Vestidos 0340,Moda Mujer,PureSkin Lab,150,9447.15,3463.1099999999997,0.36657722170178303
PROD000341,Accesorios Bisuteria 0341,Accesorios,Nomad Steps,150,12494.17,4642.98,0.3716117197060709
PROD000342,Calzado Zapatillas 0342,Calzado,Blue Harbor,300,12484.5,1391.6200000000001,0.11146782009692019
PROD000343,Calzado Zapatillas 0343,Calzado,Casa Nube,150,8047.07,3370.41,0.41883691828205794
PROD000344,Electronica Accesorios movil 0344,Electronica,PureSkin Lab,300,25695.0,9539.67,0.3712656158785756
PROD000345,Electronica Accesorios movil 0345,Electronica,Velvet Point,150,14064.75,8007.54,0.5693339732309497
PROD000346,Moda Mujer Tops 0346,Moda Mujer,North Peak,300,12449.09,3587.97,0.28821142750192985
PROD000347,Accesorios Bisuteria 0347,Accesorios,Nomad Steps,150,14709.06,5702.03,0.3876542756641145
PROD000348,Deporte Fitness 0348,Deporte,Marea Studio,450,13714.17,3401.82,0.2480514679342607
PROD000349,Belleza Cuidado facial 0349,Belleza,North Peak,150,6408.96,3144.33,0.49061470191731577
PROD000350,Hogar Decoracion 0350,Hogar,Opal Charm,600,36369.44,9884.26,0.27177377490552507
PROD000351,Moda Mujer Tops 0351,Moda Mujer,Pixel Mate,150,7288.63,2429.98,0.3333932439978432
PROD000352,Infantil Ropa infantil 0352,Infantil,Linen House,150,4669.87,1067.29,0.22854811804182987
PROD000353,Electronica Accesorios movil 0353,Electronica,Daily Motion,150,3149.61,827.1700000000001,0.26262616641425446
PROD000354,Accesorios Bolsos 0354,Accesorios,FitCore,150,1494.2,-564.0699999999999,-0.3775063579172801
PROD000355,Moda Hombre Camisetas 0355,Moda Hombre,Luma Basics,150,6659.83,1615.63,0.24259327940803296
PROD000356,Hogar Textil hogar 0356,Hogar,Luma Basics,150,2480.18,-558.17,-0.22505221395221314
PROD000357,Belleza Cosmetica 0357,Belleza,Blue Harbor,300,9838.86,3943.89,0.4008482690067751
PROD000358,Deporte Fitness 0358,Deporte,Opal Charm,150,2615.48,-498.09999999999997,-0.1904430544297796
PROD000359,Moda Mujer Tops 0359,Moda Mujer,Daily Motion,300,17133.7,4028.48,0.23512026007225525
PROD000360,Hogar Textil hogar 0360,Hogar,Pixel Mate,150,5827.99,1221.46,0.20958512282965483
PROD000361,Hogar Textil hogar 0361,Hogar,FitCore,300,16209.61,6059.0,0.3737906093977585
PROD000362,Moda Hombre Camisetas 0362,Moda Hombre,Soft Bay,150,6506.33,438.03,0.06732366787420865
PROD000363,Outlet Liquidacion 0363,Outlet,Linen House,300,7578.5,2568.14,0.33887180840535724
PROD000364,Infantil Ropa infantil 0364,Infantil,Blue Harbor,150,4714.66,282.29,0.05987494326208041
PROD000365,Moda Hombre Pantalones 0365,Moda Hombre,Blue Harbor,450,40689.060000000005,16093.390000000001,0.39552130228616733
PROD000366,Calzado Zapatillas 0366,Calzado,Daily Motion,150,6408.25,163.85,0.025568602972730465
PROD000367,Electronica Accesorios movil 0367,Electronica,Pixel Mate,600,17781.76,7706.93,0.4334177269291679
PROD000368,Outlet Liquidacion 0368,Outlet,Atelier Nova,150,2754.7,660.94,0.23993175300395692
PROD000369,Moda Hombre Pantalones 0369,Moda Hombre,Linen House,150,2154.0,441.11,0.20478644382544103
PROD000370,Outlet Liquidacion 0370,Outlet,Luma Basics,150,2666.65,-264.75,-0.0992818705116907
PROD000371,Moda Mujer Vestidos 0371,Moda Mujer,Casa Nube,150,3583.84,1058.33,0.2953061520603598
PROD000372,Hogar Decoracion 0372,Hogar,Linen House,150,4142.17,627.62,0.1515196141153067
PROD000373,Moda Mujer Tops 0373,Moda Mujer,North Peak,150,15150.95,8757.44,0.5780125998699751
PROD000374,Calzado Zapatillas 0374,Calzado,FitCore,300,11221.5,3027.64,0.2698070667914272
PROD000375,Hogar Decoracion 0375,Hogar,Pixel Mate,150,12842.789999999999,5555.1,0.43254619907356584
PROD000376,Outlet Liquidacion 0376,Outlet,PureSkin Lab,300,4848.45,1102.03,0.22729532118512102
PROD000377,Deporte Fitness 0377,Deporte,Soft Bay,150,7689.2699999999995,2868.14,0.3730054998718994
PROD000378,Calzado Zapatillas 0378,Calzado,North Peak,300,24259.56,10944.61,0.4511462697592207
PROD000379,Hogar Decoracion 0379,Hogar,Aster Beauty,150,9809.81,3415.73,0.3481953269227437
PROD000380,Moda Mujer Vestidos 0380,Moda Mujer,NordWear,300,7038.0,1628.08,0.2313270815572606
PROD000381,Belleza Cosmetica 0381,Belleza,Casa Nube,150,6228.82,1926.95,0.3093603603892872
PROD000382,Moda Hombre Pantalones 0382,Moda Hombre,FitCore,450,30912.72,9495.21,0.3071619061667818
PROD000383,Calzado Zapatillas 0383,Calzado,FitCore,150,1346.73,429.11,0.3186310544801111
PROD000384,Moda Hombre Pantalones 0384,Moda Hombre,Daily Motion,600,45824.72,8533.18,0.18621346731633057
PROD000385,Deporte Fitness 0385,Deporte,Daily Motion,150,9531.81,3429.18,0.35976168219886884
PROD000386,Electronica Accesorios movil 0386,Electronica,Casa Nube,150,11556.94,2461.93,0.21302611244845088
PROD000387,Moda Mujer Tops 0387,Moda Mujer,North Peak,150,5383.79,2441.15,0.45342593228933525
PROD000388,Moda Hombre Pantalones 0388,Moda Hombre,Velvet Point,150,7867.57,2753.51,0.349982268985214
PROD000389,Moda Mujer Tops 0389,Moda Mujer,NordWear,150,13659.79,6152.63,0.4504190767207988
PROD000390,Belleza Cosmetica 0390,Belleza,Atelier Nova,150,1960.76,-137.2,-0.06997286766355902
PROD000391,Belleza Cuidado facial 0391,Belleza,Velvet Point,300,11352.29,5079.05,0.44740312307032326
PROD000392,Moda Hombre Pantalones 0392,Moda Hombre,Pixel Mate,150,12173.87,3748.01,0.3078733385521613
PROD000393,Deporte Fitness 0393,Deporte,PureSkin Lab,300,16597.26,9078.75,0.5470029390393355
PROD000394,Hogar Decoracion 0394,Hogar,North Peak,150,17718.95,7761.72,0.43804627249357325
PROD000395,Moda Mujer Tops 0395,Moda Mujer,NordWear,300,25425.52,10242.38,0.40283856534694273
PROD000396,Accesorios Bolsos 0396,Accesorios,Nomad Steps,150,11835.76,2028.58,0.1713941479043171
PROD000397,Accesorios Bisuteria 0397,Accesorios,Daily Motion,450,38329.14,15747.4,0.41084668218488596
PROD000398,Deporte Fitness 0398,Deporte,FitCore,150,13723.57,4022.32,0.29309574695214147
PROD000399,Belleza Cosmetica 0399,Belleza,Soft Bay,450,12091.8,3310.3399999999997,0.2737673464662002
PROD000400,Infantil Ropa infantil 0400,Infantil,NordWear,150,5882.47,1107.1,0.18820325475523034
PROD000401,Calzado Zapatillas 0401,Calzado,Urban Lane,150,1916.15,134.19,0.07003105184875923
PROD000402,Infantil Ropa infantil 0402,Infantil,Pixel Mate,150,3825.35,519.69,0.13585423556014484
PROD000403,Infantil Ropa infantil 0403,Infantil,Soft Bay,150,6407.6,1941.23,0.3029574255571509
PROD000404,Moda Hombre Camisetas 0404,Moda Hombre,Velvet Point,150,11751.39,4543.43,0.38662915621045685
PROD000405,Moda Hombre Pantalones 0405,Moda Hombre,Luma Basics,150,2942.4100000000003,573.0,0.1947383267457628
PROD000406,Deporte Fitness 0406,Deporte,Pixel Mate,150,11449.99,2537.67,0.22163076124957315
PROD000407,Electronica Accesorios movil 0407,Electronica,Siena Goods,150,29837.89,15472.42,0.5185494014489631
PROD000408,Outlet Liquidacion 0408,Outlet,FitCore,300,11008.58,2557.81,0.23234695119624874
PROD000409,Moda Hombre Pantalones 0409,Moda Hombre,Daily Motion,150,2411.3,441.79,0.18321652220793763
PROD000410,Moda Hombre Pantalones 0410,Moda Hombre,North Peak,300,4084.62,683.63,0.16736685419941144
PROD000411,Hogar Textil hogar 0411,Hogar,Casa Nube,150,5011.57,1563.21,0.31192021661874425
PROD000412,Electronica Accesorios movil 0412,Electronica,NordWear,300,17870.38,5534.34,0.3096934704242439
PROD000413,Deporte Fitness 0413,Deporte,Soft Bay,150,5317.06,1759.97,0.33100435202912887
PROD000414,Moda Mujer Vestidos 0414,Moda Mujer,PureSkin Lab,450,53592.57,21921.27,0.40903561818364004
PROD000415,Belleza Cuidado facial 0415,Belleza,Pixel Mate,150,6459.66,2628.97,0.4069827204527792
PROD000416,Hogar Decoracion 0416,Hogar,Nomad Steps,450,29251.89,6678.64,0.228314819999665
PROD000417,Moda Mujer Vestidos 0417,Moda Mujer,Linen House,150,2014.23,495.09,0.24579616031932797
PROD000418,Hogar Textil hogar 0418,Hogar,PureSkin Lab,150,14422.15,5157.53,0.35761172918046197
PROD000419,Calzado Sandalias 0419,Calzado,FitCore,150,15529.29,6132.77,0.3949163161999035
PROD000420,Moda Mujer Tops 0420,Moda Mujer,PureSkin Lab,150,5191.27,1588.4,0.30597522378916914
PROD000421,Belleza Cosmetica 0421,Belleza,Pixel Mate,150,4878.74,1564.27,0.3206299167407978
PROD000422,Hogar Textil hogar 0422,Hogar,Linen House,150,3408.95,256.06,0.07511403804690595
PROD000423,Hogar Textil hogar 0423,Hogar,North Peak,150,6461.150000000001,2859.75,0.44260696625213775
PROD000424,Moda Hombre Pantalones 0424,Moda Hombre,Nomad Steps,150,14688.05,4673.2,0.31816340494483614
PROD000425,Electronica Accesorios movil 0425,Electronica,Marea Studio,300,25806.34,12901.75,0.4999449747620158
PROD000426,Outlet Liquidacion 0426,Outlet,Urban Lane,150,3715.71,-50.480000000000004,-0.013585559691149203
PROD000427,Hogar Textil hogar 0427,Hogar,Nomad Steps,300,29211.0,11983.5,0.4102392934168635
PROD000428,Moda Hombre Pantalones 0428,Moda Hombre,Siena Goods,150,15917.369999999999,6017.58,0.3780511478969202
PROD000429,Calzado Zapatillas 0429,Calzado,Velvet Point,300,40428.24,25420.78,0.6287876988956235
PROD000430,Moda Hombre Pantalones 0430,Moda Hombre,PureSkin Lab,150,5694.36,1744.24,0.30631010333031283
PROD000431,Belleza Cosmetica 0431,Belleza,North Peak,450,13009.25,4932.15,0.37912639083728883
PROD000432,Accesorios Bisuteria 0432,Accesorios,Soft Bay,150,7306.42,1156.27,0.15825397390240364
PROD000433,Calzado Zapatillas 0433,Calzado,Opal Charm,450,32710.89,11536.02,0.35266603874122654
PROD000434,Electronica Accesorios movil 0434,Electronica,PureSkin Lab,150,26530.34,11586.69,0.4367335661736714
PROD000435,Electronica Accesorios movil 0435,Electronica,Soft Bay,150,11597.43,3169.23,0.2732700262040814
PROD000436,Hogar Decoracion 0436,Hogar,Nomad Steps,150,3276.81,158.96,0.048510594144915334
PROD000437,Calzado Sandalias 0437,Calzado,Aster Beauty,150,6638.61,2732.02,0.41153494481525504
PROD000438,Electronica Accesorios movil 0438,Electronica,Marea Studio,150,17139.0,5833.03,0.3403366590816267
PROD000439,Accesorios Bisuteria 0439,Accesorios,Urban Lane,150,16439.31,6151.9800000000005,0.37422373566773787
PROD000440,Calzado Zapatillas 0440,Calzado,Marea Studio,150,16121.39,3818.0099999999998,0.23682883423823875
PROD000441,Accesorios Bolsos 0441,Accesorios,North Peak,150,15139.88,8112.09,0.5358093987534909
PROD000442,Outlet Liquidacion 0442,Outlet,FitCore,300,9419.86,1931.69,0.20506568038166173
PROD000443,Hogar Textil hogar 0443,Hogar,Atelier Nova,150,19287.21,9562.59,0.49579954799061143
PROD000444,Calzado Sandalias 0444,Calzado,Soft Bay,300,9329.26,1364.59,0.14626990779547358
PROD000445,Calzado Sandalias 0445,Calzado,Velvet Point,150,12154.05,6982.0,0.5744587195214764
PROD000446,Moda Hombre Pantalones 0446,Moda Hombre,North Peak,300,30321.01,9787.0,0.3227794852480178
PROD000447,Moda Hombre Camisetas 0447,Moda Hombre,Soft Bay,150,12184.69,3580.99,0.29389258159214554
PROD000448,Accesorios Bolsos 0448,Accesorios,Marea Studio,450,22764.030000000002,7072.9400000000005,0.31070684760123757
PROD000449,Outlet Liquidacion 0449,Outlet,Opal Charm,150,3982.5,1112.54,0.27935718769617074
PROD000450,Hogar Decoracion 0450,Hogar,FitCore,600,9784.16,2097.72,0.2143996009877189
PROD000451,Outlet Liquidacion 0451,Outlet,Urban Lane,150,5155.41,1581.82,0.3068271970609515
PROD000452,Infantil Ropa infantil 0452,Infantil,Luma Basics,150,5737.86,652.17,0.11366084219552237
PROD000453,Hogar Textil hogar 0453,Hogar,MiniRoots,150,11511.66,3368.21,0.29259116408927993
PROD000454,Electronica Accesorios movil 0454,Electronica,FitCore,150,8103.36,1649.9,0.203606898866643
PROD000455,Moda Mujer Tops 0455,Moda Mujer,NordWear,150,3363.15,1301.97,0.3871281387984479
PROD000456,Deporte Fitness 0456,Deporte,Opal Charm,150,11228.04,377.83,0.0336505748109198
PROD000457,Infantil Ropa infantil 0457,Infantil,FitCore,300,10090.02,4350.87,0.43120528997960356
PROD000458,Moda Mujer Tops 0458,Moda Mujer,Siena Goods,150,19969.51,8637.49,0.43253389792739033
PROD000459,Accesorios Bisuteria 0459,Accesorios,NordWear,300,28209.76,11447.619999999999,0.4058035233195887
PROD000460,Hogar Decoracion 0460,Hogar,Blue Harbor,150,10876.5,998.42,0.09179607410472118
PROD000461,Moda Hombre Camisetas 0461,Moda Hombre,Casa Nube,300,16451.35,6624.7,0.4026842781899358
PROD000462,Calzado Sandalias 0462,Calzado,PureSkin Lab,150,6833.46,2063.84,0.30201976743845727
PROD000463,Calzado Zapatillas 0463,Calzado,Nomad Steps,300,30881.82,11441.07,0.370479136268523
PROD000464,Accesorios Bisuteria 0464,Accesorios,North Peak,150,7316.03,2329.54,0.3184158621547479
PROD000465,Calzado Sandalias 0465,Calzado,Velvet Point,450,13841.31,8602.75,0.6215271531379617
PROD000466,Moda Hombre Pantalones 0466,Moda Hombre,Urban Lane,150,10515.81,1361.69,0.129489787282197
PROD000467,Hogar Textil hogar 0467,Hogar,Pixel Mate,600,39730.76,17242.04,0.433972065976085
PROD000468,Moda Hombre Pantalones 0468,Moda Hombre,Atelier Nova,150,10478.68,3527.5,0.3366359121568747
PROD000469,Accesorios Bisuteria 0469,Accesorios,Siena Goods,150,20224.36,12069.47,0.5967788350286486
PROD000470,Deporte Fitness 0470,Deporte,NordWear,150,13318.77,3265.6,0.2451878063815202
PROD000471,Accesorios Bisuteria 0471,Accesorios,North Peak,150,9215.21,4201.81,0.45596464974753703
PROD000472,Calzado Sandalias 0472,Calzado,Linen House,150,2900.18,455.2,0.15695577515878326
PROD000473,Hogar Textil hogar 0473,Hogar,Nomad Steps,150,9378.0,4507.29,0.48062380038387714
PROD000474,Belleza Cuidado facial 0474,Belleza,MiniRoots,300,4515.0,133.62,0.02959468438538206
PROD000475,Belleza Cosmetica 0475,Belleza,FitCore,150,4719.87,2001.02,0.42395659202478037
PROD000476,Outlet Liquidacion 0476,Outlet,Casa Nube,300,6718.55,1174.35,0.17479217986023768
PROD000477,Moda Hombre Camisetas 0477,Moda Hombre,Casa Nube,150,6571.88,2513.14,0.3824080780537685
PROD000478,Accesorios Bolsos 0478,Accesorios,North Peak,300,26157.28,11602.15,0.4435533816971795
PROD000479,Belleza Cuidado facial 0479,Belleza,Blue Harbor,150,906.36,133.13,0.14688424025773422
PROD000480,Belleza Cosmetica 0480,Belleza,Urban Lane,300,15683.58,4380.97,0.2793348202387465
PROD000481,Belleza Cosmetica 0481,Belleza,Daily Motion,150,1222.52,-246.32999999999998,-0.201493636095933
PROD000482,Moda Hombre Pantalones 0482,Moda Hombre,Marea Studio,450,4437.87,587.11,0.1322954480415154
PROD000483,Hogar Textil hogar 0483,Hogar,Urban Lane,150,14404.96,5071.38,0.35205790227810424
PROD000484,Outlet Liquidacion 0484,Outlet,Linen House,600,11953.6,3281.42,0.2745131173872306
PROD000485,Calzado Zapatillas 0485,Calzado,Velvet Point,150,3799.5,1747.96,0.46005000657981315
PROD000486,Belleza Cosmetica 0486,Belleza,Siena Goods,150,2173.84,-202.4,-0.09310712839951422
PROD000487,Moda Hombre Camisetas 0487,Moda Hombre,NordWear,150,6820.1,2605.65,0.38205451532968726
PROD000488,Outlet Liquidacion 0488,Outlet,North Peak,150,1603.18,138.68,0.0865030751381629
PROD000489,Accesorios Bisuteria 0489,Accesorios,Linen House,150,10495.0,4818.35,0.4591090995712244
PROD000490,Accesorios Bisuteria 0490,Accesorios,Casa Nube,150,5273.12,673.88,0.1277953090390509
PROD000491,Calzado Zapatillas 0491,Calzado,Siena Goods,300,26366.51,10398.56,0.39438514994969
PROD000492,Deporte Fitness 0492,Deporte,Marea Studio,150,16957.15,5049.070000000001,0.29775463447572265
PROD000493,Infantil Ropa infantil 0493,Infantil,Siena Goods,300,12779.56,7420.84,0.5806803990121726
PROD000494,Outlet Liquidacion 0494,Outlet,North Peak,150,1351.92,-461.18,-0.34112965264216816
PROD000495,Accesorios Bolsos 0495,Accesorios,Urban Lane,300,5568.74,1834.45,0.3294192223016338
PROD000496,Moda Mujer Tops 0496,Moda Mujer,PureSkin Lab,150,1654.97,7.02,0.004241768732967969
PROD000497,Moda Hombre Pantalones 0497,Moda Hombre,Urban Lane,450,27810.81,13253.7,0.47656648619727365
PROD000498,Hogar Decoracion 0498,Hogar,PureSkin Lab,150,2820.75,178.77,0.06337676149960117
PROD000499,Calzado Sandalias 0499,Calzado,Blue Harbor,450,43375.83,13798.72,0.31812002214136303
PROD000500,Deporte Fitness 0500,Deporte,Aster Beauty,150,7812.51,1973.55,0.2526140766539819
